Latitude,Longitude,Cluster
50.6064014,3.7023132,0
50.534498520408164,5.2214813775510205,1
50.832145688073396,4.450855963302752,2
51.0330775,5.53875575,3
50.443320797546015,4.390508159509203,4
51.31106567164179,4.588790447761194,5
50.58825208074534,5.848399534161491,6
50.431556885245904,4.802220983606557,7
49.84686825396825,5.439761111111111,8
50.696639833333336,3.266952166666667,9
50.62857763754045,5.566339870550162,10
51.12973123966942,5.079392479338843,11
51.20184707129094,4.396811252408478,12
49.68046148387097,5.805864193548387,13
50.45821973404255,3.984260585106383,14
50.80231136363636,5.343348295454546,15
50.06770819444444,4.544429305555556,16
50.47662982035928,4.191788053892216,17
51.13973813559322,4.757859915254238,18
49.93915590909091,5.018308636363637,19
50.84162584392015,4.309276606170599,20
50.42658360824742,4.548201597938144,21
50.23312682926829,5.51460243902439,22
50.72006379310345,4.768003103448276,23
50.41123985380117,3.8555569298245613,24
50.72215372372372,4.610132492492492,25
50.272858,6.063444333333333,26
51.119123774834435,5.255089006622517,27
51.32303866171004,4.933712416356878,28
50.16605315789474,5.270673026315789,29
50.169627,4.221866666666667,30
51.03656586592179,4.5021033519553075,31
50.800580714285715,2.9461292857142856,32
50.50607490196079,4.998484705882353,33
50.90964196721311,5.25677,34
50.89791641666667,5.625268166666666,35
50.69494979591837,4.102461224489796,36
50.167693846153846,4.899050461538462,37
51.25248357142857,4.425215357142857,38
50.61005760233918,3.4159778947368427,39
50.65825375,4.3553097916666665,40
50.63049161290323,6.037780483870968,41
51.197919534883724,5.390344767441861,42
50.00446651515151,5.716283636363637,43
50.5010599122807,5.42704552631579,44
50.930328763250884,5.342552261484099,45
51.39440714285714,4.805351428571429,46
50.47254696969697,5.581695,47
49.603878125,5.4612528125,48
50.64505485981309,5.673976915887851,49
51.09829,5.785191633986928,50
51.051507263157895,4.3223997894736845,51
50.22932731707317,4.482411219512195,52
50.78121717647059,5.13837894117647,53
50.670437166666666,5.3810445,54
50.29434040955631,5.100915802047782,55
51.190870854700854,4.596596581196581,56
50.4582985,6.0676760000000005,57
50.85409996779388,4.375539468599034,58
50.46893350515464,4.66370412371134,59
50.31601,4.252950769230769,60
50.626676064814816,5.5347912500000005,61
50.65563170731707,3.859498292682927,62
50.96424346153846,5.480027692307692,63
50.608685925925926,4.4992238888888885,64
50.78043831210191,5.464964299363057,65
50.47468860465116,3.69878476744186,66
50.42780436363636,4.477638883116883,67
50.4683010845987,4.869471670281996,68
50.562115072992704,4.69286193430657,69
50.63720827586207,4.249240574712644,70
51.0510584962406,4.877096090225564,71
51.4463746969697,4.436023787878788,72
51.031369594594594,4.702571756756757,73
50.35340378378378,4.429438018018018,74
51.2424488,5.0109656000000005,75
51.04268100917431,5.169332844036697,76
51.175785966386556,5.574312100840335,77
50.35232352941176,5.826169411764706,78
50.56652156028369,4.16482,79
49.70200069306931,5.310668514851486,80
51.35007950413223,4.322703636363636,81
50.47303837662338,4.254771688311688,82
49.85478086956522,5.256563043478261,83
50.96663668202765,5.68476861751152,84
50.22692677419355,4.77055,85
50.00413756756757,4.32817054054054,86
50.645195,4.8675427777777776,87
50.43278224489796,6.207592448979591,88
51.12512783333333,4.4487725000000005,89
50.71696969879518,4.513071024096385,90
50.47278761904762,4.119489727891157,91
51.225233993174065,4.478279863481228,92
50.53148616438356,5.7328576712328765,93
50.38824429752066,3.7422929752066114,94
50.258064204947,4.9131798233215545,95
50.57972402298851,4.0616447126436785,96
50.78352196319018,4.37317263803681,97
50.49311054545455,5.084277454545455,98
50.99857142857143,2.904407142857143,99
51.20133223140496,4.767936280991735,100
50.35549842105263,5.461196052631579,101
51.16563229166667,5.273164166666667,102
49.56404714285714,5.800533333333333,103
50.597358474025974,4.318458571428571,104
50.80039962962963,5.670693333333333,105
50.705309497206706,5.648802681564246,106
50.50733814814815,3.587362757201646,107
49.563509333333336,5.585702444444444,108
51.02305263888889,5.3925061111111114,109
50.23313608695652,5.348028333333334,110
50.250339473684214,4.6044328070175435,111
50.74796394463668,3.221656712802768,112
51.40320780487805,5.009170243902439,113
50.31387118811881,4.119995148514851,114
50.63556098360656,3.38219655737705,115
50.671634199134196,4.56690593073593,116
50.81932434782609,5.2193126086956525,117
51.164532620689656,5.004901172413793,118
50.72148028985507,5.9614097101449275,119
50.47687971014493,3.8383479710144925,120
50.803492327935224,4.34292004048583,121
51.2781394214876,4.643595123966942,122
50.020091111111114,5.334878148148148,123
50.658574117647056,5.197719647058824,124
50.60607401098901,5.476024670329671,125
51.094300366972476,4.236046880733944,126
50.551754540816326,5.319006377551021,127
51.177647435897434,4.8382157435897435,128
50.48944067073171,5.856298048780488,129
51.16297195804196,4.387234125874126,130
50.86861859060403,5.515486375838925,131
50.62379951219512,5.015498902439024,132
51.31538463917526,4.7833448453608245,133
50.08093233333333,5.150574,134
50.939919565217394,5.07313,135
50.75107047619048,3.4678611904761905,136
50.7297045,3.6728620000000003,137
50.33180083333333,5.9013725,138
50.47044220689655,5.673140827586208,139
50.41593681318681,4.448737450549451,140
49.79881519607843,5.072660098039216,141
50.04429625,5.5329345,142
50.46183462427746,4.581162485549133,143
50.54486897058823,3.3001145588235294,144
50.88478028497409,4.340292124352331,145
50.642852391304345,3.5763515217391304,146
51.053299202453985,4.630809386503067,147
50.845748445532436,4.349506780905753,148
50.408280572687225,4.3245348898678415,149
51.026948554216865,5.27872578313253,150
50.1349712,5.789119599999999,151
50.71328559633027,4.429780642201835,152
51.09151490740741,5.701101944444444,153
49.727927692307695,5.640737076923077,154
50.558159552238806,5.632347014925373,155
50.36107879310345,4.708372413793104,156
50.37600609589041,4.380671780821918,157
51.154775,3.17793625,158
50.62337162037037,3.775971111111111,159
51.21818342465753,4.36488698630137,160
51.197316229508196,5.135930327868852,161
50.72293507692308,5.5181784615384615,162
50.417428,4.194524076923077,163
51.355629404761906,4.544895476190476,164
49.887018,5.546226666666667,165
50.69461530864198,4.69187,166
50.051595,4.216043181818182,167
50.63075595238095,5.736909345238095,168
50.474314237288134,4.430570542372881,169
50.590112264150946,5.404207735849057,170
51.02487614561028,4.4793899571734475,171
50.725580279720276,4.8699103496503495,172
51.09323164912281,4.369800912280701,173
50.719229636363636,2.891562909090909,174
50.706028,4.159564,175
50.481587352941176,3.8940407352941175,176
50.42845416666667,3.795662352941177,177
50.42604423076923,5.127065769230769,178
50.87141145214522,4.400854768976897,179
51.31794525423729,4.8569369491525425,180
51.18200275080906,4.432404110032363,181
51.0949896124031,4.9151670542635655,182
49.8303372,4.9898603999999995,183
51.217059886363636,4.914079659090909,184
51.25328068100358,4.499881326164875,185
50.73023769230769,5.821839230769231,186
49.91498125,5.3777361458333335,187
50.437757142857144,5.291159642857143,188
51.22891369047619,5.274856904761905,189
50.90571863309353,5.420400575539569,190
50.623017222222224,5.098050370370371,191
51.215940933333336,4.420477283333333,192
50.337763548387095,4.958856129032258,193
50.82388062686567,4.380387611940298,194
50.64630798969072,5.597488333333334,195
51.16608267857143,4.50934,196
51.12903272727273,4.583377062937063,197
51.345025504587156,4.679820183486239,198
50.623589,5.4506577,199
50.62390393258427,4.810739325842697,200
50.42945864197531,3.953964938271605,201
50.421075224719104,4.873721573033707,202
51.18524256289308,4.379525235849057,203
50.668818421052634,6.1232808771929825,204
50.93676536585366,5.16470162601626,205
51.1469432967033,5.397002307692308,206
51.38734464646465,4.471865858585859,207
51.24768538461539,5.542335726495726,208
49.95441526315789,4.513054736842106,209
50.090961666666665,5.006640476190476,210
50.69623040229885,5.25708775862069,211
50.67318795918367,3.310805918367347,212
51.091082715231785,4.495173642384106,213
51.0723572,4.79530328,214
50.70414967741935,3.884876129032258,215
50.144261666666665,4.339955,216
51.30731451388889,4.4057320833333335,217
51.15897190839695,4.671112824427481,218
50.29862283018868,4.7612481132075475,219
50.52492467391304,3.4074854347826093,220
49.682413333333336,5.502606060606061,221
50.61851752808989,5.942920674157303,222
50.71140170731707,4.993798536585365,223
51.00642621212121,5.505346742424242,224
51.0716099375,5.2221666875,225
50.63500132867133,4.613267412587413,226
50.161592,4.6884184,227
49.9036256097561,5.12708512195122,228
50.294010625,6.248948125,229
51.45407407407407,4.733412962962963,230
50.04956904109589,4.4957982191780825,231
50.401157837837836,5.60076027027027,232
49.83482829268293,5.734639268292683,233
50.68084346153846,3.8104984615384616,234
50.400405079787234,4.514218297872341,235
50.67237055555555,5.519722539682539,236
50.455981408450704,4.785450985915493,237
50.340214814814814,4.294889166666667,238
50.10513906976744,4.886656279069768,239
50.87448899053628,4.314468548895899,240
50.406412851851854,3.8996512962962964,241
50.56353101265823,3.98224164556962,242
50.27077764705882,5.441290882352941,243
50.34289,5.664701578947368,244
50.353000208333334,5.314168125,245
50.40250130952381,3.6844119047619053,246
50.599455681818185,3.6196260000000002,247
50.717842777777776,6.033443055555556,248
51.080178076923076,5.032374423076924,249
50.5926808045977,3.486787241379311,250
50.44603448398576,4.635170747330961,251
50.47138507246377,4.490741884057971,252
51.31362738317757,5.000094205607477,253
50.736708695652176,5.703773105590062,254
50.53076771186441,4.256241440677966,255
50.35957,5.014577297297297,256
50.57737586592179,5.5432642458100565,257
50.68922702586207,4.2022165086206895,258
50.48672139107612,4.152295590551181,259
50.55965176470588,4.549091764705882,260
51.32332043859649,5.088697280701754,261
49.558033823529414,5.699154117647059,262
51.20450440677966,4.651998813559322,263
50.72528227272727,3.3078386776859503,264
51.03413111111111,5.712317888888888,265
50.67162263157895,5.792702631578948,266
50.405524731182794,4.267508225806452,267
50.717289146341464,3.212135609756097,268
49.97109891304348,4.943855652173913,269
51.24277064748201,4.582625179856115,270
50.33355426829268,4.536905609756097,271
50.23487294117647,4.239197573529411,272
51.159835306122446,5.737317142857144,273
50.54721338235294,4.796194852941176,274
50.83403953125,4.2853014583333335,275
50.79742378109453,4.404861243781094,276
50.575754901960785,5.673221176470588,277
50.15924,5.687688,278
51.06667375,5.088093522727273,279
50.55219693548387,4.900186451612903,280
50.60321165605095,4.446424585987261,281
50.39318938461538,4.0946359999999995,282
51.159333333333336,2.759501666666667,283
50.535535384615386,5.812874615384615,284
51.242251777777774,4.968189037037037,285
50.47375006329114,4.053499050632912,286
50.53466495867769,4.446074462809918,287
50.659294553191486,5.568266723404255,288
50.8681108974359,5.568754102564103,289
50.67347685714286,5.077670057142857,290
51.235703488372096,5.1065452325581395,291
51.100012916666664,4.326074375,292
50.63443,5.625723054393306,293
51.10062031746032,5.1542241269841265,294
50.73585680412371,3.735245051546392,295
51.13235462962963,5.455904074074074,296
50.16313190909091,5.220129454545455,297
50.31575322033898,4.396051186440678,298
50.45706416666667,5.968132222222223,299
50.43848590551181,3.8618639763779523,300
51.29674007692308,4.491345192307692,301
50.45447953703704,4.239929537037037,302
50.52372420454545,4.6064401136363635,303
49.56573944785276,5.533706564417178,304
50.36788198198198,4.869323963963964,305
51.26577891304348,4.866792608695652,306
51.238631454545455,4.717730363636364,307
50.71229480349345,3.836459650655022,308
50.180586315789476,5.949975789473684,309
51.0556864,4.5840818,310
51.094811717171716,5.513748787878788,311
50.28115233333334,5.786402833333334,312
51.210148692810456,4.532675032679738,313
51.183990983606556,5.064709508196721,314
50.50649215686274,5.164511764705882,315
50.943842777777775,5.558227499999999,316
50.773681105527636,3.000605929648242,317
50.80172245098039,5.610817156862745,318
50.19640113924051,4.544683037974684,319
50.996837118644066,5.3365198305084744,320
51.13815305882353,5.5949433529411765,321
50.497550317460316,3.952401984126984,322
50.47809012658228,4.225357563291139,323
50.53801166666667,4.381418666666667,324
51.03972020080321,4.467120281124498,325
50.337182999999996,6.3525,326
50.33725506849315,4.612268356164384,327
51.21360481662592,4.443888410757946,328
50.60739034408602,3.3958125806451624,329
50.85596395604396,4.417598398744113,330
50.894502307692306,4.382630887573964,331
50.32192588235294,5.513708823529411,332
50.17684285714286,5.359041904761905,333
50.989303983050846,5.1929274576271185,334
50.402493501483676,4.3973921364985165,335
50.69838327683616,4.6155858192090395,336
51.07485331932773,4.7215115546218485,337
51.11606166666667,4.655679761904762,338
51.34977095890411,4.757416232876713,339
50.340648571428574,5.245071428571428,340
50.6480465625,3.9932515625000002,341
50.91297024691358,4.307520864197531,342
50.15771194444444,5.0672186111111115,343
50.926764341085274,5.678768449612403,344
50.49904015151515,3.7695980303030305,345
51.22481666666667,2.9389533333333335,346
50.75368904761905,5.296960476190476,347
50.68050746478873,4.376503838028169,348
49.628000350877194,5.818255438596491,349
50.40551042735043,4.459281680911681,350
51.04615953125,5.6128446875,351
50.83818287396937,4.334992497055359,352
49.78660315789474,5.235444210526316,353
51.053464149253735,4.3594639104477615,354
50.594005082872926,5.867411574585636,355
50.54107862745098,3.803671176470588,356
51.33094767741935,4.367856516129033,357
50.61034037037037,4.155274444444444,358
50.45207486631016,4.4266982352941175,359
50.98222577464789,5.2731659154929575,360
51.150291962025314,4.455411708860759,361
50.67197916666667,5.471263916666667,362
51.06072376811594,4.202016811594203,363
49.96780761904762,5.254449523809524,364
50.28343785714286,6.127183095238095,365
50.82435959654179,4.299907636887608,366
49.88005857142857,5.656630714285714,367
50.687072666666666,3.5629246666666665,368
49.67209454545455,5.604169090909091,369
50.5981958,4.7216682,370
50.86093327586207,5.386282931034483,371
50.458079375,4.828213839285715,372
50.9747512,5.1152109333333335,373
50.73673593220339,4.662837457627119,374
50.66454689839572,5.963801229946524,375
51.21169456896552,5.423274051724138,376
50.428142638190955,4.511955753768844,377
50.59707939655173,5.348934827586207,378
50.41737216494845,5.063811546391753,379
50.371087547169815,3.9555506603773587,380
51.08421428571428,2.6320528571428574,381
50.542479324324326,5.49938527027027,382
50.02010590909091,5.378122878787879,383
50.56611328358209,4.082817388059701,384
50.02348863636364,4.460690909090909,385
51.24264119047619,5.327817142857143,386
50.817259417721516,5.181475316455696,387
50.445726666666665,4.355175694444444,388
50.69179844036697,3.3498811009174307,389
51.35912988636363,4.8576280681818185,390
50.55282641509434,3.539509811320755,391
50.565237073170735,5.268261219512195,392
50.98934152631579,5.366569999999999,393
50.510175405405406,5.240413297297297,394
50.262359159663866,4.4346178151260505,395
49.980692363636365,5.619148545454546,396
50.022315454545456,4.635059393939394,397
51.26145016666667,5.480408166666667,398
50.1703085,4.421207166666667,399
50.40844012618297,4.167275520504732,400
50.514992962962964,5.660517703703704,401
50.44367761904762,3.8876456825396826,402
51.47683924528302,4.792134528301887,403
50.34237692307692,4.488748,404
50.157994,6.129655,405
50.795620484261505,4.321647457627119,406
51.45389307692308,5.038586153846154,407
50.49295223880597,4.32580328358209,408
49.693375675675675,5.420045675675675,409
51.442169166666666,4.934143611111111,410
51.38989911764706,4.551812058823529,411
50.64255014925373,3.2841852238805966,412
50.2444540625,4.70425,413
50.66504954545454,5.618813045454545,414
49.841670425531916,4.896906808510638,415
50.672025670103096,4.310378453608248,416
50.39427169811321,5.93486641509434,417
50.36926393617021,3.80561,418
51.274238600000004,4.7124168,419
49.69221821428572,5.767544285714286,420
50.476930707964605,4.703700796460177,421
50.4931397260274,3.7205256164383567,422
51.176316047516195,4.3540231101511875,423
50.09425237288136,4.523337372881356,424
50.681037727272724,4.47872303030303,425
50.87611453125,5.3050918750000005,426
50.73026671232877,4.489863972602739,427
49.98767078947368,5.186256842105263,428
50.67326772413793,5.721613724137931,429
51.074166,4.448793875,430
50.59610817204301,3.860848387096774,431
50.89015855855856,5.656866666666667,432
50.26990549019608,4.294147254901961,433
50.59262544041451,5.492463367875648,434
50.98197313953489,5.408253953488372,435
51.27665204081632,4.333126734693877,436
50.9419937254902,5.305773921568627,437
50.47934314917127,4.548845359116022,438
51.2690817699115,5.080276814159292,439
50.52551658227848,5.576322848101265,440
50.5397603125,3.45210234375,441
50.42970315294118,4.415223388235294,442
51.454818679245285,4.508962075471699,443
50.78000230769231,4.726016923076923,444
50.49464241758242,4.891766703296703,445
50.53133372549019,3.6450050980392157,446
50.814252411167516,4.362597563451777,447
50.1169072,5.2711388,448
50.84984444444444,3.302343333333334,449
51.198338210784314,4.421806372549019,450
50.421870594059406,6.023129801980198,451
50.62550486,5.59084586,452
50.67976753846154,4.9564749230769225,453
50.831656,2.695132,454
50.498646842105266,4.0020638947368425,455
50.1807,4.745574615384616,456
51.34681987012987,4.8209280519480515,457
49.7188241509434,5.550311886792453,458
51.01382896551724,5.734634137931034,459
50.35861391304348,5.733093043478261,460
50.7381847826087,5.260065652173913,461
50.276120654205606,4.496626355140187,462
51.220634318181816,4.328988522727273,463
50.49420880733945,5.890894678899083,464
50.7403615,3.1982007619047614,465
50.711686393442626,3.4555627868852463,466
51.36761359550562,4.993814494382022,467
50.60234754545455,5.747488454545454,468
50.56274069444444,5.045616388888889,469
50.715544898550725,4.395379449275363,470
51.3540612195122,4.486359512195122,471
50.39160352272727,4.8219875,472
51.042468085106385,4.76281829787234,473
50.40159931034483,3.7793778160919533,474
50.348908,4.063955166666666,475
51.00228961038961,5.575911688311688,476
49.754396086956525,5.777210434782608,477
50.41671763157895,6.155375789473684,478
50.46380944444444,4.957779722222222,479
50.29466260869565,4.634512608695652,480
49.5425415,5.493514833333333,481
50.92335992805755,5.4485281294964025,482
50.70412685714286,5.861537285714285,483
50.79273466666667,5.560739833333333,484
51.2965,3.1567925,485
50.31632725,5.3746925,486
51.06743945652174,4.67351902173913,487
51.28344053921568,4.44636,488
51.16994489583333,4.903925520833333,489
50.70819766233766,5.398718441558442,490
51.085098153846154,4.279022923076923,491
50.811808754716985,4.415606075471699,492
50.2365944,5.2868082,493
50.55407617647059,5.962178529411765,494
51.09331794117647,4.868979901960785,495
50.620455346534655,5.491632425742575,496
50.47592230769231,4.823009580419581,497
50.70821514851485,5.686393168316831,498
50.86806423423423,4.292847807807807,499
51.09498309210526,4.513945657894737,500
50.38220641891892,4.467901351351351,501
51.057735925925925,5.271575185185185,502
50.360036666666666,3.507825,503
50.63307353846154,5.148140615384615,504
51.1401772881356,5.803753389830509,505
50.664086,4.136950923076923,506
50.500633125,4.232328579545454,507
50.836838089005234,4.384459293193717,508
50.66926703056769,4.610734672489083,509
50.59355335483871,5.608462709677419,510
51.401156,4.6420316,511
51.20515726027397,5.498632465753425,512
51.02047338028169,5.461514929577465,513
50.74399287878788,5.766481060606061,514
50.75367654320988,5.613347654320987,515
50.44665425,3.8170597500000003,516
50.548384999999996,3.37481125,517
49.60360791666667,5.720299583333333,518
50.00826642857143,5.793917857142857,519
50.85907375,4.17095125,520
50.129070535714284,4.74105875,521
50.5036437113402,4.109847113402061,522
51.02349122222222,4.4248724444444445,523
50.834000227272725,4.483599772727273,524
51.02261,2.35094,525
50.539781764705886,3.9167028235294117,526
50.84968065693431,4.434781265206813,527
50.43212591731266,4.4537439793281655,528
50.4305292,5.5411,529
50.893374098837214,4.322644970930233,530
51.40343269565217,4.761281304347826,531
50.27718333333333,5.67274,532
50.64652507246377,5.533914094202899,533
51.27816014705883,4.417476066176471,534
50.690679411764705,4.037431512605042,535
51.02178571428571,3.092787142857143,536
50.696343376623375,5.322118961038961,537
50.55115263736264,5.455505934065934,538
50.54981026666667,3.7429894666666668,539
49.74696576923077,5.354313846153846,540
50.33430304347826,6.049365217391305,541
50.24861619047619,5.182953095238095,542
50.31271463768116,4.873679275362319,543
50.33620818181818,5.5666472727272724,544
51.25189635869565,4.464334565217391,545
51.21657996627319,4.40206018549747,546
50.351497096774196,6.193562580645161,547
50.617503,3.328058,548
50.72213367088607,5.1326175949367085,549
50.1296254,5.3406806,550
50.41861505882353,4.9251134117647055,551
50.42769384615384,6.298272307692308,552
50.47477293478261,5.719357065217391,553
50.59765278846154,5.535621730769231,554
50.79134166666667,5.398411190476191,555
51.30972209150327,4.527634836601307,556
50.42492,5.860028918918919,557
50.75215423076923,2.946697692307692,558
51.11126192771084,4.802553855421687,559
50.0013508,4.8914028,560
50.437710333333335,5.465641,561
50.495821794871794,5.314571282051282,562
49.620241785714285,5.345177857142858,563
50.22353852941176,4.385908529411765,564
50.342359183673466,4.351956530612245,565
50.077946266666665,5.5111881333333335,566
51.24570421052631,5.142012631578948,567
51.20369506024096,4.466312128514057,568
50.969624,5.513650857142857,569
50.818305,5.276354259259259,570
51.121572692307694,5.655330769230769,571
50.44304692307692,4.150958811188811,572
50.45651413793104,4.474183591954023,573
50.88068571428571,3.4256571428571427,574
50.465243225806454,3.776254301075269,575
50.47184741379311,3.9185783908045977,576
50.015541999999996,4.2549532,577
50.67353904255319,4.232096808510638,578
50.93199709090909,5.527032,579
50.71512612612613,6.008614054054054,580
50.382905,4.437190081967213,581
50.635754423076925,4.204761538461538,582
51.06579734042553,4.984597234042553,583
50.8427897826087,5.339435108695652,584
50.27092730769231,5.840684230769231,585
50.50641686567164,4.376628955223881,586
50.13283230769231,4.141663076923077,587
50.113225625,4.9526771875,588
51.16887514851485,4.978939504950495,589
50.486982833333336,4.752672666666666,590
50.65367271186441,5.872971016949153,591
50.9400625925926,5.726624074074074,592
51.26064172413793,4.784383620689655,593
50.612084568965514,5.672373793103448,594
51.162921485714286,4.4833753142857145,595
51.133045611814346,4.338876751054852,596
50.0409749122807,4.408078947368422,597
50.4301581372549,4.090758431372549,598
50.740525652173915,3.5177043478260868,599
51.004934929577466,5.236021971830986,600
50.439021343283585,4.72447119402985,601
50.28310626506024,5.926535060240964,602
51.03129696969697,4.831798787878788,603
50.427897017543856,3.7434233333333333,604
50.89723659090909,5.476752272727272,605
50.180157,5.412917,606
51.365143333333336,4.459442072072072,607
50.446831324503314,4.006486026490066,608
49.61354227272727,5.6555931818181815,609
50.188218148148145,4.619815185185185,610
50.70498858757062,4.578028418079096,611
50.42255471153846,4.580544519230769,612
50.50567311320755,4.865713679245283,613
51.060487474747475,5.390113838383838,614
51.12469735632184,5.366007586206897,615
50.72904047619048,3.400692142857143,616
50.907989770992366,5.348770458015267,617
51.338190000000004,4.284821363636364,618
50.460787608695654,4.996589565217391,619
50.57527148148148,4.618076851851852,620
50.086974705882355,5.663281176470588,621
50.136196,5.174990222222222,622
50.6402674,5.797712933333334,623
51.14708181818182,4.620883181818182,624
50.74964732558139,5.544855348837209,625
50.58391884615385,4.771612884615385,626
51.298232727272726,4.6854742045454545,627
50.772984,3.131461333333333,628
50.571226125,4.517176875,629
50.85280330415755,4.393737177242889,630
51.02121549019608,5.312640392156863,631
49.6485912,5.8761719999999995,632
50.83321413943355,4.405908366013072,633
50.6539572,5.438198,634
50.471587222222226,6.124853333333333,635
50.45311544303797,4.529860696202531,636
50.12796162162162,4.487457837837838,637
49.9602295,5.4650115,638
50.698130784313726,6.0744927450980395,639
50.87485241379311,5.197806551724138,640
50.31412141732284,4.163833070866142,641
50.74008980952381,5.67167819047619,642
51.31936433656958,4.955567766990291,643
50.516449811320754,4.942490188679246,644
49.95724127272727,4.452933818181818,645
49.722254166666666,5.1753025,646
50.48472700980392,5.104150882352941,647
50.81859787878788,5.475677575757576,648
50.814514585365856,4.269983170731708,649
50.687371147540986,4.409480409836066,650
50.46897181818182,4.611706753246753,651
50.969630344827586,5.455801810344828,652
51.262289574468085,4.540644964539007,653
50.08202,5.10085125,654
50.578345,5.120402173913043,655
50.513086559139786,4.47788935483871,656
51.1721090625,5.1704825,657
50.37475731707317,4.573048292682927,658
50.19930972972973,6.079868918918919,659
50.2712725,5.559883571428571,660
50.412349,4.356739888888889,661
51.18743,4.728341353383459,662
50.638217117117115,5.477784189189189,663
51.303795061728394,4.738824320987654,664
51.19628002873563,4.445851321839081,665
51.18767766233766,5.22472987012987,666
50.71950490384616,3.253607980769231,667
50.41931898089172,4.223281082802548,668
51.09315542857143,5.076423,669
50.46280375,3.958574204545455,670
51.012118607594935,4.594023291139241,671
50.67596949044586,5.668548089171975,672
50.59401065502183,5.889028165938864,673
51.10477916666667,4.404165333333333,674
50.59806455752212,4.345266017699116,675
50.44963430693069,3.9496395049504947,676
51.12375366197183,4.493013521126761,677
51.24966484848485,4.632997196969697,678
49.80093604651163,5.506196279069767,679
50.86737967213114,5.262547377049181,680
49.718717407407404,5.2536674074074075,681
50.575685744680854,4.848162340425532,682
50.57534078125,4.97498609375,683
50.624348,3.8046504,684
50.614178205128205,3.5285058974358976,685
50.95166283783784,5.211825405405405,686
50.43153185964912,4.609493368421052,687
50.40382145454545,4.530353,688
51.14068967741935,4.8517970967741935,689
50.68780018518518,4.832673148148148,690
49.56745274853801,5.835893040935672,691
50.14181857142857,4.5990142857142855,692
50.20205902777778,5.323677222222222,693
50.52173771428571,4.669076857142858,694
51.13415714285714,3.023154285714286,695
50.81752222440945,4.326120551181102,696
50.164393636363634,4.823380363636364,697
50.83324887550201,4.364854899598394,698
51.22574388127854,4.42821897260274,699
50.407247863636364,4.436522590909091,700
50.60728422924901,5.625008853754941,701
50.85027623376623,5.6199879220779225,702
50.2165162406015,4.828846466165413,703
50.66347206896552,3.9294728735632187,704
50.516244603174606,3.5267520634920637,705
50.637757541666666,5.5108984166666675,706
49.894879387755104,5.076671428571428,707
50.050264943820224,4.315795505617977,708
51.305506532258065,4.883384274193548,709
50.19736416666667,5.007981666666667,710
51.1735530952381,4.3997527142857145,711
51.23683895833334,4.825317708333333,712
50.204614285714285,4.281682142857143,713
49.97458555555556,5.068086666666667,714
49.69551688888889,5.70331,715
50.71320151898734,4.535864430379747,716
50.491143046357614,3.659777218543046,717
50.26736441860465,4.955788837209303,718
50.85997715654952,4.337482476038338,719
50.346033846153844,6.126736153846154,720
51.23096481818182,5.436648181818182,721
50.587910145985404,5.507659197080292,722
50.85476908536585,4.321814044715448,723
50.66918201923077,3.6192888461538466,724
50.7086662264151,5.46078716981132,725
50.33575368421052,5.166696315789474,726
50.63292294117647,5.252062647058823,727
50.48480483870968,5.792217419354839,728
51.24426701754386,4.902142105263158,729
50.401770303030304,3.8757395454545454,730
50.39296808219178,4.692128493150685,731
50.14171870967742,4.277970967741935,732
50.356840526315786,3.8869014473684214,733
50.99661888888889,5.145099111111111,734
50.33642318181818,5.058779318181818,735
50.61382688372093,5.559483348837209,736
50.3332779661017,4.8015572881355935,737
50.56831125,5.8018040909090915,738
50.77038304761905,4.336635523809524,739
49.6694875862069,5.563199655172414,740
51.071637435897436,4.537080512820513,741
50.680013076923075,4.735250512820513,742
50.51893322222222,5.061332222222222,743
50.53162044444444,5.259555481481482,744
51.39524230769231,4.50360923076923,745
49.93932,5.728789333333333,746
50.44712006666666,4.866767833333333,747
50.76888254237288,5.506326101694915,748
51.076941818181815,4.415306590909091,749
50.1746121875,5.575558125,750
50.55211689655172,5.373108103448276,751
50.611245844155846,4.1342928571428565,752
51.07788393442623,5.20627868852459,753
50.351134,4.272040875,754
50.7341796969697,5.3493121212121215,755
50.591803435582825,5.446663865030675,756
50.9008033976834,4.3592022007722,757
51.0801225974026,5.128838701298702,758
50.60873145896657,5.511637902735562,759
50.3811327027027,5.528025675675676,760
50.633696,4.936002,761
51.05514081081081,5.652134054054054,762
50.331715,4.908814571428572,763
50.57555961038961,5.641615454545455,764
50.565619298245615,5.190689298245614,765
49.84345894736842,5.383692631578947,766
50.337878833333335,5.426809833333333,767
50.56181930555556,3.59055,768
51.13817777777778,4.545551111111111,769
50.2842705,5.488406,770
50.46653949074074,4.1700258796296295,771
50.62763785714286,5.990249107142857,772
50.595152192982454,4.910864385964913,773
50.74793771428571,4.974887142857143,774
50.418642857142856,3.5937357142857143,775
50.377806382978726,5.24502829787234,776
51.1371302739726,4.912006986301369,777
50.36263510948905,4.36510299270073,778
51.349087657657655,4.641068468468468,779
50.931803930131004,5.3250628384279475,780
50.213614761904765,5.997475238095238,781
50.30023676470588,4.332347647058824,782
50.70002303797468,4.639103417721519,783
50.678657588652484,5.54579609929078,784
50.34702814814815,3.7027596296296297,785
50.98805429292929,5.698277171717172,786
51.00677899408284,4.47673100591716,787
50.410738888888886,6.265904814814815,788
50.565749256198345,3.4515857024793393,789
50.46242634831461,4.891646685393258,790
51.23977775862069,5.36904,791
50.677440340909094,4.270434772727273,792
50.017336419753086,4.167404074074074,793
50.201418125,5.899009375,794
50.70643643939394,4.363017651515151,795
50.6211352,5.3866826,796
51.2164719047619,5.186998095238096,797
50.64829564102564,5.311807948717949,798
50.074917407407405,4.615855185185185,799
50.22157166666667,6.156149444444444,800
49.885472962962965,5.184077037037037,801
50.71657463414634,5.213100975609756,802
51.18958564705882,4.557860941176471,803
50.61716119047619,4.542522142857143,804
49.691049615384614,5.375743076923077,805
51.04374114942529,5.582138735632184,806
50.54360055555556,4.729038148148148,807
50.436543,4.315250466666667,808
50.38715531531532,4.411192657657658,809
51.199729870967744,4.488890064516129,810
50.49775075144509,4.2042402312138725,811
49.91863236842106,5.613260263157895,812
51.22839421633554,4.460201368653422,813
49.89470333333333,4.940260952380952,814
50.77307566037736,5.263239056603774,815
50.949104324324324,5.3550838918918915,816
50.411230967741936,4.763144677419355,817
50.87503162666667,4.352522133333333,818
50.08110851851852,5.220374444444444,819
51.224947701149425,4.51328275862069,820
50.444925,4.25688276119403,821
51.136879125,4.56811325,822
50.896334494382025,4.4220674157303375,823
50.56442428571429,4.2727065714285715,824
50.72784739130435,5.916278260869565,825
50.464608925619835,4.338570495867769,826
50.459411,4.380323652173913,827
50.09165,6.3673,828
50.31342396825397,4.450173968253968,829
50.54834103448276,5.88814,830
50.45657,5.1662977358490565,831
50.87086015,4.3780341499999995,832
49.82558576923077,5.322709230769231,833
50.38883048780488,5.676410243902439,834
51.14376076923077,5.209321538461539,835
50.28283172413793,4.565475517241379,836
51.04685563106796,5.227637572815534,837
50.8487703652968,4.29811801369863,838
50.46867207182321,4.846432679558011,839
51.40028769230769,4.950445384615384,840
51.04548976744186,5.337162558139535,841
51.24730029177719,4.443151883289125,842
51.09462035087719,5.5761703508771925,843
50.40642876595744,4.483592340425532,844
50.53251875,3.8553275,845
50.41313422222222,5.365351111111111,846
50.3249101,4.6626819,847
50.60778921052631,4.647633684210526,848
50.67987575916231,5.634556020942409,849
50.261081136363636,5.118851136363636,850
51.347932564102564,4.40229858974359,851
51.109182264150945,4.955073962264151,852
51.28716,5.194507142857143,853
50.188697619047616,5.627602380952381,854
50.98406174418604,5.538856395348837,855
50.85192318181818,5.426536136363636,856
50.4038652293578,3.8230202752293576,857
50.94716736363636,5.267484636363636,858
50.88609183333333,4.2512355,859
51.22818616714697,4.4115985590778095,860
50.71311451612903,3.5930587096774196,861
50.270977307692306,4.161928846153846,862
50.66388957142857,3.2623712857142855,863
51.42636585365854,4.464703658536585,864
50.6121066875,5.8539146875000005,865
50.735803120567375,4.70034609929078,866
50.67826469827586,5.590978620689654,867
50.46138713483146,4.097179831460674,868
51.02507806451613,4.545234193548387,869
51.15758676767677,4.425405555555556,870
51.29955304347826,5.12649347826087,871
50.86221123287671,4.307712922374429,872
50.6417237704918,4.776336885245902,873
51.04572066666667,4.931838666666667,874
51.17015718309859,4.809309295774648,875
50.49259896551724,5.511590344827587,876
50.44178009615385,4.672343461538461,877
50.67218059701493,6.04173671641791,878
50.73499557142857,5.995207571428571,879
51.39132677419355,4.593431129032258,880
50.81058404388715,4.392690626959248,881
50.29100076923077,5.336573846153846,882
50.83259122807018,5.552770877192982,883
49.5587604,5.7458834,884
50.70761509090909,6.1073058181818185,885
50.60493396946565,3.3762585114503816,886
51.09668027777778,4.623865972222222,887
50.8276271875,4.344802529761905,888
50.936035638297874,5.408690957446808,889
51.22659413043478,4.3823957971014496,890
51.06139173076923,5.736662115384616,891
50.812581835206,4.4310746816479405,892
50.47481432432433,5.391719999999999,893
50.406335,5.7833653125,894
50.61967137931035,5.697254630541872,895
50.649545357142856,4.555438571428572,896
49.62613956521739,5.765707391304348,897
50.5159234117647,4.554375764705882,898
50.1717628125,4.1756075,899
49.68279184,5.82227912,900
50.961468892508144,5.499675504885993,901
50.4461565,5.6099935,902
50.0792725,5.756889,903
50.90653612903226,5.315379193548387,904
51.132310497512435,4.382484776119403,905
50.415857760416664,4.3821890625,906
50.341215,5.116357083333333,907
50.61225828947369,5.831881315789473,908
50.567104666666665,5.864509466666667,909
51.10819448275862,4.714709137931035,910
51.169557056856185,4.451968127090301,911
50.84480563380282,4.461568873239437,912
50.85964858006042,4.361425407854985,913
51.464475977011496,4.461669770114942,914
50.37224794871795,5.869617179487179,915
50.63124912408759,5.650684452554745,916
50.644341910447764,5.555727552238806,917
50.64022384036144,5.576916686746988,918
50.47225852272727,4.281426515151515,919
50.71060527777778,5.621574305555556,920
50.06395416666667,5.8331116666666665,921
50.94128,3.2204040000000003,922
51.404872380952376,4.69494619047619,923
50.7432825,5.428025,924
51.38800533333333,4.885908,925
50.692467,4.9051244,926
51.0312364,5.0463196,927
50.7305464,3.7836776,928
50.64433512195122,4.664684390243902,929
50.70947635135135,5.569439864864865,930
50.851892235294116,5.485463647058824,931
50.99864336363636,5.521914454545455,932
50.8651475,4.528485833333333,933
51.444555384615384,5.08074,934
50.396908653846154,4.6439157692307695,935
50.66357428571428,3.471991904761905,936
50.930372891566265,5.58116530120482,937
50.44072561643836,3.922521506849315,938
50.72410137755102,3.231707040816327,939
50.56967364485981,5.582858130841121,940
50.70924333333333,5.032037222222222,941
50.874229264069264,4.331845476190477,942
51.203250442477874,4.340484690265487,943
49.59495062992126,5.818806614173228,944
51.299069248120304,4.5645002255639096,945
50.432710414507774,3.8361610362694303,946
51.05206417582418,5.305427802197802,947
50.55937875,3.33698328125,948
50.67004153846154,3.6904811538461537,949
50.63608244680851,3.354224574468085,950
51.0306071559633,5.368124678899083,951
51.074521847826084,4.83293652173913,952
51.343,3.2867500000000005,953
50.5668640625,4.00518453125,954
50.432290895522385,3.688924925373134,955
51.11592720588235,5.010698823529411,956
51.188437382198956,5.11217832460733,957
51.1333175308642,4.4756093827160495,958
50.52181906976744,5.127272325581395,959
50.50063755319149,3.6061856382978723,960
50.099768684210524,4.671198421052631,961
50.51173488372093,5.929054418604651,962
50.650261904761905,4.172732857142857,963
50.54429928571429,3.6862424999999996,964
51.10505444444444,5.184149523809523,965
50.891524347826085,5.522793623188406,966
50.942737627118646,5.1170625423728815,967
50.50860755102041,4.795352857142857,968
51.082174745762714,5.26116593220339,969
50.66556718085106,5.5058620744680855,970
50.5699735483871,5.736535483870967,971
51.00603120879121,4.515701318681319,972
51.04912461538461,4.264576461538462,973
50.60984857142857,3.955815238095238,974
50.35116382716049,5.491873827160494,975
51.135894782608695,5.511607826086956,976
51.10882076923077,5.226737115384616,977
50.41485542857143,6.10388,978
50.34099745454545,4.220016181818182,979
50.758901904761906,4.791331428571429,980
50.1787708,4.3273724,981
51.313205542168674,4.435389558232932,982
50.77657823529412,4.665857647058823,983
50.754995,4.26647375,984
51.14740843137255,5.142902352941176,985
50.626930882352944,4.702983235294118,986
50.6184136,3.3001068,987
50.47255101010101,3.8078945454545456,988
51.224482711864404,5.307905819209039,989
51.015267558139534,5.4851194186046515,990
50.461320111731844,4.2038416201117315,991
49.56331363636364,5.649109545454546,992
50.637423576642334,3.7780566423357667,993
51.22708563218391,4.685317011494253,994
50.53843431372549,4.168050392156863,995
50.58653066666667,3.8035961333333335,996
50.7644947368421,5.202995263157895,997
50.488273902439026,5.039164146341464,998
50.39931288135593,4.285892542372881,999
